Feature_ID,Correlacao,Status
1,0.0000,Podado (Constante)
2,0.0000,Podado (Constante)
3,0.0000,Podado (Constante)
4,0.0000,Podado (Constante)
5,0.0000,Podado (Constante)
6,0.0000,Podado (Constante)
7,0.0000,Podado (Constante)
8,0.0000,Podado (Constante)
9,0.0000,Podado (Constante)
10,0.0000,Podado (Constante)
11,0.0000,Podado (Constante)
12,0.0000,Podado (Constante)
13,0.0000,Podado (Constante)
14,0.0000,Podado (Constante)
15,0.0000,Podado (Constante)
16,0.0000,Podado (Constante)
17,0.0000,Podado (Constante)
18,0.0000,Podado (Constante)
19,0.0000,Podado (Constante)
20,0.0000,Podado (Constante)
21,0.0000,Podado (Constante)
22,0.0000,Podado (Constante)
23,0.0000,Podado (Constante)
24,0.0000,Podado (Constante)
25,0.0000,Podado (Constante)
26,0.0000,Podado (Constante)
27,0.0000,Podado (Constante)
28,0.0000,Podado (Constante)
29,0.0000,Podado (Constante)
30,0.0000,Podado (Constante)
31,0.0000,Podado (Constante)
32,0.0000,Podado (Constante)
33,0.0000,Podado (Constante)
34,0.0000,Podado (Constante)
35,0.0000,Podado (Constante)
36,0.0000,Podado (Constante)
37,0.0000,Podado (Constante)
38,0.0000,Podado (Constante)
39,0.0000,Podado (Constante)
40,0.0000,Podado (Constante)
41,0.0000,Podado (Constante)
42,0.0000,Podado (Constante)
43,0.0000,Podado (Constante)
44,0.0000,Podado (Constante)
45,0.0000,Podado (Constante)
46,0.0000,Podado (Constante)
47,0.0000,Podado (Constante)
48,0.0000,Podado (Constante)
49,0.0000,Podado (Constante)
50,0.0000,Podado (Constante)
51,0.0000,Podado (Constante)
52,0.0000,Podado (Constante)
53,0.0000,Podado (Constante)
54,0.0000,Podado (Constante)
55,0.0000,Podado (Constante)
56,0.0000,Podado (Constante)
57,0.0000,Podado (Constante)
58,0.0000,Podado (Constante)
59,0.0000,Podado (Constante)
60,0.0000,Podado (Constante)
61,0.0000,Podado (Constante)
62,0.0000,Podado (Constante)
63,0.0000,Podado (Constante)
64,0.0000,Podado (Constante)
65,0.0000,Podado (Constante)
66,0.0000,Podado (Constante)
67,0.0000,Podado (Constante)
68,0.0000,Podado (Constante)
69,0.0000,Podado (Constante)
70,0.0000,Podado (Constante)
71,0.0000,Podado (Constante)
72,0.0000,Podado (Constante)
73,0.0000,Podado (Constante)
74,0.0000,Podado (Constante)
75,0.0000,Podado (Constante)
76,0.0000,Podado (Constante)
77,0.0000,Podado (Constante)
78,0.0000,Podado (Constante)
79,0.0000,Podado (Constante)
80,0.0000,Podado (Constante)
81,0.0000,Podado (Constante)
82,0.0000,Podado (Constante)
83,0.0000,Podado (Constante)
84,0.0000,Podado (Constante)
85,0.0000,Podado (Constante)
86,0.0000,Podado (Constante)
87,0.0000,Podado (Constante)
88,0.0000,Podado (Constante)
89,0.0000,Podado (Constante)
90,0.0000,Podado (Constante)
91,0.0000,Podado (Constante)
92,0.0000,Podado (Constante)
93,0.0000,Podado (Constante)
94,0.0000,Podado (Constante)
95,0.0000,Podado (Constante)
96,0.0000,Podado (Constante)
97,0.0000,Podado (Constante)
98,0.0000,Podado (Constante)
99,0.0000,Podado (Constante)
100,0.0000,Podado (Constante)
101,0.0000,Podado (Constante)
102,0.0000,Podado (Constante)
103,0.0000,Podado (Constante)
104,0.0000,Podado (Constante)
105,0.0000,Podado (Constante)
106,0.0000,Podado (Constante)
107,0.0000,Podado (Constante)
108,0.0000,Podado (Constante)
109,0.0000,Podado (Constante)
110,0.0000,Podado (Constante)
111,0.0000,Podado (Constante)
112,0.0000,Podado (Constante)
113,0.0000,Podado (Constante)
114,0.0000,Podado (Constante)
115,0.0000,Podado (Constante)
116,-0.0647,Podado
117,-0.0179,Podado
118,-0.0126,Podado
119,-0.0253,Podado
120,-0.0219,Podado
121,-0.0126,Podado
122,-0.0179,Podado
123,-0.0179,Podado
124,-0.1065,Podado
125,0.0043,Podado
126,-0.0126,Podado
127,-0.0179,Podado
128,-0.0438,Podado
129,-0.0126,Podado
130,-0.0126,Podado
131,-0.0253,Podado
132,-0.0179,Podado
133,-0.0253,Podado
134,-0.0126,Podado
135,-0.0126,Podado
136,-0.0126,Podado
137,-0.0126,Podado
138,-0.2322,Podado
139,-0.0760,Podado
140,-0.0334,Podado
141,-0.0126,Podado
142,-0.0126,Podado
143,-0.0593,Podado
144,-0.0771,Podado
145,-0.0126,Podado
146,-0.0126,Podado
147,-0.0253,Podado
148,-0.0419,Podado
149,-0.0253,Podado
150,-0.0126,Podado
151,-0.0126,Podado
152,-0.2513,Podado
153,-0.0126,Podado
154,-0.0126,Podado
155,-0.0620,Podado
156,-0.0126,Podado
157,-0.0253,Podado
158,-0.0126,Podado
159,-0.0126,Podado
160,-0.0343,Podado
161,-0.0219,Podado
162,-0.0126,Podado
163,-0.0126,Podado
164,-0.0126,Podado
165,-0.0179,Podado
166,-0.0253,Podado
167,-0.0126,Podado
168,-0.0126,Podado
169,-0.0179,Podado
170,-0.0253,Podado
171,-0.0126,Podado
172,-0.0126,Podado
173,-0.0310,Podado
174,-0.0283,Podado
175,-0.0283,Podado
176,-0.0126,Podado
177,-0.0179,Podado
178,-0.0473,Podado
179,-0.0179,Podado
180,-0.0126,Podado
181,-0.0310,Podado
182,-0.0219,Podado
183,-0.0283,Podado
184,-0.0283,Podado
185,-0.0179,Podado
186,-0.0283,Podado
187,-0.0126,Podado
188,-0.0253,Podado
189,-0.2417,Podado
190,-0.0126,Podado
191,-0.0253,Podado
192,-0.0126,Podado
193,-0.0179,Podado
194,-0.0219,Podado
195,-0.0126,Podado
196,-0.0126,Podado
197,-0.0126,Podado
198,-0.1047,Podado
199,-0.0253,Podado
200,-0.0219,Podado
201,-0.0126,Podado
202,-0.0126,Podado
203,-0.0219,Podado
204,-0.0645,Podado
205,-0.0219,Podado
206,-0.1238,Podado
207,-0.0126,Podado
208,-0.0126,Podado
209,-0.0283,Podado
210,-0.0379,Podado
211,-0.0126,Podado
212,-0.0126,Podado
213,-0.0179,Podado
214,-0.0126,Podado
215,-0.0334,Podado
216,-0.0126,Podado
217,-0.0126,Podado
218,-0.0126,Podado
219,-0.0179,Podado
220,-0.0179,Podado
221,-0.0179,Podado
222,-0.0179,Podado
223,-0.0126,Podado
224,-0.0357,Podado
225,-0.0014,Podado
226,-0.2331,Podado
227,-0.0537,Podado
228,-0.0179,Podado
229,-0.0126,Podado
230,-0.0179,Podado
231,-0.0566,Podado
232,-0.0126,Podado
233,-0.0179,Podado
234,-0.0126,Podado
235,-0.0682,Podado
236,-0.0379,Podado
237,-0.0126,Podado
238,-0.0179,Podado
239,-0.0126,Podado
240,-0.0126,Podado
241,-0.0126,Podado
242,-0.0126,Podado
243,-0.0126,Podado
244,-0.0179,Podado
245,-0.0126,Podado
246,-0.0537,Podado
247,-0.0357,Podado
248,-0.0320,Podado
249,-0.0126,Podado
250,-0.0126,Podado
251,-0.0432,Podado
252,-0.0566,Podado
253,-0.0219,Podado
254,-0.0253,Podado
255,-0.0179,Podado
256,-0.0126,Podado
257,-0.0126,Podado
258,-0.0126,Podado
259,-0.0126,Podado
260,-0.0126,Podado
261,-0.0126,Podado
262,-0.0126,Podado
263,-0.0179,Podado
264,-0.0126,Podado
265,-0.0126,Podado
266,-0.0126,Podado
267,-0.0258,Podado
268,-0.0126,Podado
269,-0.0357,Podado
270,-0.0219,Podado
271,-0.1024,Podado
272,-0.0334,Podado
273,-0.0310,Podado
274,-0.0126,Podado
275,-0.0126,Podado
276,-0.0126,Podado
277,-0.0126,Podado
278,0.5385,Selecionado
279,-0.0179,Podado
280,-0.0456,Podado
281,-0.0126,Podado
282,-0.0179,Podado
283,-0.0126,Podado
284,-0.0126,Podado
285,-0.1039,Podado
286,-0.0126,Podado
287,-0.0219,Podado
288,-0.0126,Podado
289,-0.0179,Podado
290,-0.0126,Podado
291,-0.0253,Podado
292,-0.0126,Podado
293,-0.0179,Podado
294,-0.0126,Podado
295,-0.0126,Podado
296,-0.0219,Podado
297,-0.0490,Podado
298,-0.0419,Podado
299,-0.0126,Podado
300,-0.0728,Podado
301,-0.0126,Podado
302,-0.0283,Podado
303,-0.0379,Podado
304,-0.0253,Podado
305,-0.0219,Podado
306,-0.0126,Podado
307,-0.0126,Podado
308,-0.0253,Podado
309,-0.0126,Podado
310,-0.2158,Podado
311,-0.0179,Podado
312,-0.0179,Podado
313,-0.0126,Podado
314,-0.0219,Podado
315,-0.0253,Podado
316,-0.0126,Podado
317,-0.0126,Podado
318,-0.0126,Podado
319,-0.0126,Podado
320,-0.0334,Podado
321,-0.0179,Podado
322,-0.0126,Podado
323,-0.0832,Podado
324,-0.0179,Podado
325,-0.0179,Podado
326,-0.0179,Podado
327,-0.0126,Podado
328,-0.0126,Podado
329,-0.0179,Podado
330,-0.0126,Podado
331,-0.0179,Podado
332,-0.0219,Podado
333,-0.0907,Podado
334,-0.0126,Podado
335,-0.0126,Podado
336,-0.0179,Podado
337,-0.0126,Podado
338,-0.0126,Podado
339,-0.2406,Podado
340,-0.0126,Podado
341,-0.0126,Podado
342,-0.0179,Podado
343,-0.0126,Podado
344,-0.0126,Podado
345,-0.0206,Podado
346,-0.0253,Podado
347,-0.0357,Podado
348,-0.0126,Podado
349,-0.0126,Podado
350,-0.0537,Podado
351,-0.0438,Podado
352,-0.0179,Podado
353,-0.0179,Podado
354,-0.0400,Podado
355,-0.0126,Podado
356,-0.0126,Podado
357,-0.0379,Podado
358,-0.0310,Podado
359,-0.0126,Podado
360,-0.0126,Podado
361,-0.0179,Podado
362,-0.0607,Podado
363,-0.0253,Podado
364,-0.0126,Podado
365,-0.0126,Podado
366,-0.0126,Podado
367,-0.0126,Podado
368,-0.0126,Podado
369,-0.1566,Podado
370,-0.0126,Podado
371,-0.0126,Podado
372,-0.0126,Podado
373,-0.0253,Podado
374,-0.0126,Podado
375,-0.0283,Podado
376,-0.0126,Podado
377,-0.0179,Podado
378,-0.0126,Podado
379,-0.0219,Podado
380,-0.0716,Podado
381,-0.0126,Podado
382,-0.0126,Podado
383,-0.1624,Podado
384,-0.0179,Podado
385,-0.0126,Podado
386,-0.0126,Podado
387,-0.0456,Podado
388,-0.0126,Podado
389,-0.0219,Podado
390,-0.0253,Podado
391,-0.0126,Podado
392,-0.0126,Podado
393,-0.0126,Podado
394,-0.0179,Podado
395,-0.0179,Podado
396,-0.0219,Podado
397,-0.0126,Podado
398,-0.1264,Podado
399,-0.0253,Podado
400,-0.0126,Podado
401,-0.0126,Podado
402,-0.0310,Podado
403,-0.0126,Podado
404,-0.0126,Podado
405,-0.0790,Podado
406,-0.0126,Podado
407,-0.0179,Podado
408,-0.0126,Podado
409,-0.0253,Podado
410,-0.0126,Podado
411,-0.0126,Podado
412,-0.0566,Podado
413,-0.0471,Podado
414,-0.0179,Podado
415,-0.0126,Podado
416,-0.0506,Podado
417,-0.0126,Podado
418,-0.0126,Podado
419,-0.0219,Podado
420,-0.0705,Podado
421,-0.0419,Podado
422,-0.0760,Podado
423,-0.0126,Podado
424,-0.0357,Podado
425,-0.0179,Podado
426,-0.0126,Podado
427,-0.0219,Podado
428,-0.0126,Podado
429,-0.0179,Podado
430,-0.0179,Podado
431,-0.1324,Podado
432,-0.0126,Podado
433,-0.0126,Podado
434,-0.0219,Podado
435,-0.0126,Podado
436,-0.0126,Podado
437,-0.0179,Podado
438,-0.0126,Podado
439,-0.0283,Podado
440,-0.0179,Podado
441,-0.0126,Podado
442,-0.0126,Podado
443,-0.0126,Podado
444,-0.0179,Podado
445,-0.0126,Podado
446,-0.0126,Podado
447,-0.0506,Podado
448,-0.0310,Podado
449,-0.0506,Podado
450,-0.1032,Podado
451,-0.0693,Podado
452,-0.0179,Podado
453,-0.0126,Podado
454,-0.0126,Podado
455,-0.0334,Podado
456,-0.0126,Podado
457,-0.0869,Podado
458,-0.0126,Podado
459,-0.0253,Podado
460,-0.0126,Podado
461,-0.0126,Podado
462,-0.0400,Podado
463,-0.0126,Podado
464,-0.0126,Podado
465,-0.0126,Podado
466,-0.0126,Podado
467,-0.0126,Podado
468,-0.0126,Podado
469,-0.0126,Podado
470,-0.0551,Podado
471,-0.0126,Podado
472,-0.0126,Podado
473,-0.0687,Podado
474,-0.0126,Podado
475,-0.2432,Podado
476,-0.0219,Podado
477,-0.0627,Podado
478,-0.0179,Podado
479,-0.0126,Podado
480,-0.0379,Podado
481,-0.0126,Podado
482,-0.0219,Podado
483,-0.0126,Podado
484,-0.0219,Podado
485,-0.0126,Podado
486,-0.0126,Podado
487,-0.0126,Podado
488,-0.0283,Podado
489,-0.0400,Podado
490,-0.0179,Podado
491,-0.0566,Podado
492,-0.0521,Podado
493,-0.0126,Podado
494,-0.0521,Podado
495,-0.0126,Podado
496,-0.0126,Podado
497,-0.0179,Podado
498,-0.0179,Podado
499,-0.0126,Podado
500,-0.0460,Podado
501,-0.4428,Selecionado
502,-0.0179,Podado
503,-0.0419,Podado
504,-0.0126,Podado
505,-0.0379,Podado
506,-0.1598,Podado
507,-0.0334,Podado
508,-0.0219,Podado
509,-0.0126,Podado
510,-0.0219,Podado
511,-0.0179,Podado
512,-0.0126,Podado
513,-0.0126,Podado
514,-0.0126,Podado
515,-0.0400,Podado
516,-0.0219,Podado
517,-0.0219,Podado
518,-0.0219,Podado
519,-0.0126,Podado
520,-0.0283,Podado
521,-0.0179,Podado
522,-0.0126,Podado
523,-0.0126,Podado
524,-0.0219,Podado
525,-0.0126,Podado
526,-0.0126,Podado
527,-0.0456,Podado
528,-0.0179,Podado
529,-0.0126,Podado
530,-0.0126,Podado
531,-0.0126,Podado
532,-0.0126,Podado
533,-0.0179,Podado
534,-0.0179,Podado
535,-0.0506,Podado
536,-0.0693,Podado
537,-0.0253,Podado
538,-0.0126,Podado
539,-0.0126,Podado
540,-0.0126,Podado
541,-0.0253,Podado
542,-0.0126,Podado
543,-0.0219,Podado
544,-0.0219,Podado
545,-0.0253,Podado
546,-0.0219,Podado
547,-0.0126,Podado
548,-0.0126,Podado
549,-0.0179,Podado
550,-0.0821,Podado
551,-0.0728,Podado
552,-0.0253,Podado
553,-0.0126,Podado
554,-0.0126,Podado
555,-0.0179,Podado
556,-0.0126,Podado
557,-0.0219,Podado
558,-0.0219,Podado
559,-0.0310,Podado
560,-0.0126,Podado
561,-0.0219,Podado
562,-0.0566,Podado
563,-0.0126,Podado
564,-0.0179,Podado
565,-0.0179,Podado
566,-0.0219,Podado
567,-0.0253,Podado
568,-0.0126,Podado
569,-0.0126,Podado
570,-0.0126,Podado
571,-0.0126,Podado
572,-0.0219,Podado
573,-0.0126,Podado
574,-0.0126,Podado
575,-0.0400,Podado
576,-0.0126,Podado
577,-0.0310,Podado
578,-0.0126,Podado
579,-0.0126,Podado
580,-0.0283,Podado
581,-0.0283,Podado
582,-0.0126,Podado
583,-0.0126,Podado
584,-0.0126,Podado
585,-0.0473,Podado
586,-0.0219,Podado
587,-0.0126,Podado
588,-0.0869,Podado
589,-0.0357,Podado
590,-0.0179,Podado
591,-0.0126,Podado
592,-0.0438,Podado
593,-0.0126,Podado
594,-0.0219,Podado
595,-0.0400,Podado
596,-0.0126,Podado
597,-0.0253,Podado
598,-0.0126,Podado
599,-0.0126,Podado
600,-0.0126,Podado
601,-0.0179,Podado
602,-0.0126,Podado
603,-0.0126,Podado
604,-0.0126,Podado
605,-0.0179,Podado
606,-0.0126,Podado
607,-0.0179,Podado
608,-0.0126,Podado
609,-0.0219,Podado
610,-0.0310,Podado
611,-0.0126,Podado
612,-0.0179,Podado
613,-0.0126,Podado
614,-0.0526,Podado
615,-0.1305,Podado
616,-0.0126,Podado
617,-0.0126,Podado
618,-0.0126,Podado
619,-0.0405,Podado
620,-0.0126,Podado
621,-0.0283,Podado
622,-0.0126,Podado
623,-0.0126,Podado
624,-0.0126,Podado
625,-0.0126,Podado
626,-0.0126,Podado
627,-0.0126,Podado
628,-0.0253,Podado
629,-0.0379,Podado
630,-0.0126,Podado
631,-0.0219,Podado
632,-0.0219,Podado
633,-0.0179,Podado
634,-0.0179,Podado
635,0.0000,Podado
636,-0.0490,Podado
637,-0.0126,Podado
638,-0.0126,Podado
639,-0.0219,Podado
640,-0.0126,Podado
641,-0.0179,Podado
642,-0.0334,Podado
643,-0.0126,Podado
644,-0.0253,Podado
645,-0.0537,Podado
646,-0.3567,Selecionado
647,-0.0400,Podado
648,-0.0179,Podado
649,-0.0126,Podado
650,-0.0179,Podado
651,-0.0525,Podado
652,-0.0456,Podado
653,-0.0253,Podado
654,-0.0126,Podado
655,-0.0179,Podado
656,-0.0126,Podado
657,-0.0126,Podado
658,-0.0126,Podado
659,-0.0126,Podado
660,-0.0126,Podado
661,-0.0850,Podado
662,-0.0126,Podado
663,-0.0126,Podado
664,-0.0620,Podado
665,-0.0126,Podado
666,-0.0419,Podado
667,-0.0126,Podado
668,-0.0126,Podado
669,-0.0126,Podado
670,-0.0126,Podado
671,-0.1488,Podado
672,-0.0460,Podado
673,-0.0126,Podado
674,-0.0179,Podado
675,-0.0219,Podado
676,-0.0126,Podado
677,-0.0179,Podado
678,-0.0179,Podado
679,-0.0126,Podado
680,-0.0126,Podado
681,-0.2361,Podado
682,-0.0438,Podado
683,-0.0253,Podado
684,-0.0179,Podado
685,-0.0670,Podado
686,-0.0490,Podado
687,-0.0126,Podado
688,-0.0126,Podado
689,-0.0126,Podado
690,-0.0042,Podado
691,-0.0126,Podado
692,-0.0169,Podado
693,-0.0357,Podado
694,-0.0192,Podado
695,-0.0781,Podado
696,-0.0126,Podado
697,-0.0126,Podado
698,-0.0618,Podado
699,-0.0126,Podado
700,-0.0219,Podado
701,-0.0253,Podado
702,-0.0126,Podado
703,-0.0126,Podado
704,-0.0126,Podado
705,-0.0126,Podado
706,-0.0126,Podado
707,-0.0310,Podado
708,-0.0126,Podado
709,-0.0179,Podado
710,-0.0126,Podado
711,-0.0841,Podado
712,-0.1101,Podado
713,-0.0126,Podado
714,-0.0219,Podado
715,-0.0179,Podado
716,-0.0334,Podado
717,-0.0126,Podado
718,-0.0610,Podado
719,-0.0521,Podado
720,-0.0179,Podado
721,-0.0253,Podado
722,-0.0126,Podado
723,-0.0126,Podado
724,-0.0126,Podado
725,-0.0179,Podado
726,-0.0126,Podado
727,-0.0126,Podado
728,-0.1825,Podado
729,-0.0219,Podado
730,-0.0126,Podado
731,-0.0179,Podado
732,-0.0126,Podado
733,-0.0126,Podado
734,-0.0566,Podado
735,-0.0357,Podado
736,-0.0126,Podado
737,-0.0126,Podado
738,-0.1385,Podado
739,-0.0126,Podado
740,-0.0126,Podado
741,-0.0126,Podado
742,-0.0179,Podado
743,-0.0126,Podado
744,-0.0126,Podado
745,-0.0126,Podado
746,-0.0419,Podado
747,-0.0126,Podado
748,-0.0126,Podado
749,-0.0801,Podado
750,-0.0334,Podado
751,-0.0126,Podado
752,-0.0126,Podado
753,-0.0126,Podado
754,-0.0179,Podado
755,-0.0126,Podado
756,-0.0179,Podado
757,-0.0521,Podado
758,-0.0179,Podado
759,-0.0310,Podado
760,-0.0126,Podado
761,-0.0179,Podado
762,-0.0126,Podado
763,-0.0126,Podado
764,-0.0126,Podado
765,-0.0126,Podado
766,-0.0179,Podado
767,-0.0379,Podado
768,-0.0126,Podado
769,-0.0126,Podado
770,-0.0179,Podado
771,-0.0126,Podado
772,-0.0126,Podado
773,-0.0334,Podado
774,-0.0126,Podado
775,-0.0379,Podado
776,-0.0253,Podado
777,-0.0126,Podado
778,-0.0126,Podado
779,-0.0126,Podado
780,-0.0728,Podado
781,-0.0126,Podado
782,-0.0253,Podado
783,-0.0126,Podado
784,-0.2413,Podado
785,-0.0126,Podado
786,-0.0253,Podado
787,-0.0126,Podado
788,-0.0126,Podado
789,-0.0219,Podado
790,-0.1649,Podado
791,-0.0156,Podado
792,-0.0126,Podado
793,-0.0179,Podado
794,-0.0126,Podado
795,-0.0126,Podado
796,-0.1576,Podado
797,-0.0219,Podado
798,-0.0593,Podado
799,-0.0126,Podado
800,-0.0126,Podado
801,-0.0179,Podado
802,-0.0334,Podado
803,-0.0089,Podado
804,-0.0126,Podado
805,-0.0903,Podado
806,-0.0126,Podado
807,-0.0179,Podado
808,-0.0126,Podado
809,-0.0126,Podado
810,-0.0179,Podado
811,-0.0906,Podado
812,-0.0179,Podado
813,-0.0126,Podado
814,-0.1012,Podado
815,-0.0126,Podado
816,-0.0310,Podado
817,-0.0126,Podado
818,-0.0490,Podado
819,-0.0253,Podado
820,-0.0460,Podado
821,-0.0126,Podado
822,-0.0219,Podado
823,-0.0732,Podado
824,-0.0126,Podado
825,-0.0359,Podado
826,-0.0126,Podado
827,-0.0253,Podado
828,-0.0126,Podado
829,-0.0126,Podado
830,-0.0179,Podado
831,-0.0126,Podado
832,-0.0253,Podado
833,-0.0179,Podado
834,-0.0179,Podado
835,-0.0179,Podado
836,-0.0126,Podado
837,-0.0253,Podado
838,-0.0310,Podado
839,-0.0253,Podado
840,-0.1952,Podado
841,-0.0607,Podado
842,-0.0310,Podado
843,-0.0219,Podado
844,-0.0126,Podado
845,-0.0126,Podado
846,-0.0343,Podado
847,-0.0126,Podado
848,-0.0126,Podado
849,-0.0283,Podado
850,-0.0126,Podado
851,-0.0126,Podado
852,-0.0219,Podado
853,-0.0219,Podado
854,-0.0126,Podado
855,-0.0126,Podado
856,-0.0706,Podado
857,-0.0126,Podado
858,-0.0126,Podado
859,-0.0126,Podado
860,-0.0126,Podado
861,-0.0975,Podado
862,-0.0179,Podado
863,-0.0179,Podado
864,-0.0126,Podado
865,-0.0179,Podado
866,-0.0219,Podado
867,-0.0126,Podado
868,-0.0126,Podado
869,-0.0126,Podado
870,-0.0126,Podado
871,-0.0126,Podado
872,-0.0126,Podado
873,-0.0179,Podado
874,-0.0126,Podado
875,-0.0253,Podado
876,-0.0419,Podado
877,-0.0126,Podado
878,-0.0566,Podado
879,-0.0126,Podado
880,-0.0126,Podado
881,-0.0283,Podado
882,-0.0126,Podado
883,-0.0566,Podado
884,-0.0126,Podado
885,-0.0219,Podado
886,-0.0310,Podado
887,-0.0179,Podado
888,-0.0179,Podado
889,-0.0126,Podado
890,-0.0126,Podado
891,-0.0126,Podado
892,-0.0126,Podado
893,-0.0179,Podado
894,-0.0126,Podado
895,-0.0219,Podado
896,-0.0126,Podado
897,-0.0126,Podado
898,-0.0219,Podado
899,-0.0379,Podado
900,-0.0126,Podado
901,-0.0126,Podado
902,-0.0219,Podado
903,-0.0253,Podado
904,-0.0283,Podado
905,-0.0379,Podado
906,-0.0126,Podado
907,-0.0179,Podado
908,-0.0126,Podado
909,-0.0126,Podado
910,-0.0253,Podado
911,-0.0438,Podado
912,-0.0126,Podado
913,-0.0126,Podado
914,-0.0126,Podado
915,-0.0569,Podado
916,-0.0219,Podado
917,-0.0126,Podado
918,-0.0126,Podado
919,-0.0126,Podado
920,-0.0126,Podado
921,-0.0179,Podado
922,-0.0042,Podado
923,-0.0379,Podado
924,-0.0179,Podado
925,-0.0126,Podado
926,-0.0219,Podado
927,-0.0126,Podado
928,-0.0219,Podado
929,-0.0179,Podado
930,-0.0179,Podado
931,-0.0126,Podado
932,-0.0460,Podado
933,-0.0126,Podado
934,-0.0607,Podado
935,-0.0126,Podado
936,-0.0126,Podado
937,-0.0295,Podado
938,-0.0126,Podado
939,-0.1885,Podado
940,-0.0179,Podado
941,-0.0253,Podado
942,-0.1500,Podado
943,-0.0633,Podado
944,-0.0126,Podado
945,-0.0419,Podado
946,-0.0126,Podado
947,-0.0551,Podado
948,-0.0334,Podado
949,-0.0126,Podado
950,0.0170,Podado
951,-0.0126,Podado
952,-0.0253,Podado
953,-0.0126,Podado
954,-0.0126,Podado
955,-0.0126,Podado
956,-0.0126,Podado
957,-0.0126,Podado
958,-0.0219,Podado
959,-0.0126,Podado
960,-0.0126,Podado
961,-0.0126,Podado
962,-0.0490,Podado
963,-0.0126,Podado
964,-0.0682,Podado
965,-0.0283,Podado
966,-0.0357,Podado
967,-0.0219,Podado
968,-0.0379,Podado
969,-0.0179,Podado
970,-0.0453,Podado
971,-0.0253,Podado
972,-0.0126,Podado
973,-0.0357,Podado
974,-0.0179,Podado
975,-0.0400,Podado
976,-0.0126,Podado
977,-0.0253,Podado
978,-0.0253,Podado
979,-0.0357,Podado
980,-0.0253,Podado
981,-0.0473,Podado
982,-0.0379,Podado
983,-0.0219,Podado
984,-0.0334,Podado
985,-0.0126,Podado
986,-0.0126,Podado
987,-0.0126,Podado
988,-0.0126,Podado
989,-0.0126,Podado
990,-0.0310,Podado
991,-0.0357,Podado
992,-0.0253,Podado
993,-0.0126,Podado
994,-0.0126,Podado
995,-0.0126,Podado
996,-0.0126,Podado
997,-0.0179,Podado
998,-0.0906,Podado
999,-0.0126,Podado
1000,-0.0126,Podado
1001,-0.0179,Podado
1002,-0.0126,Podado
1003,-0.0693,Podado
1004,-0.0126,Podado
1005,-0.0126,Podado
1006,-0.0126,Podado
1007,-0.0179,Podado
1008,-0.0179,Podado
1009,-0.0283,Podado
1010,-0.0126,Podado
1011,-0.0219,Podado
1012,-0.0551,Podado
1013,-0.0126,Podado
1014,-0.0126,Podado
1015,-0.0126,Podado
1016,-0.0126,Podado
1017,-0.0126,Podado
1018,-0.0126,Podado
1019,-0.0126,Podado
1020,-0.0126,Podado
1021,-0.0126,Podado
1022,-0.0126,Podado
1023,-0.0126,Podado
1024,-0.0126,Podado
1025,-0.0179,Podado
1026,-0.0126,Podado
1027,-0.0126,Podado
1028,-0.0126,Podado
1029,-0.2753,Podado
1030,-0.0126,Podado
1031,-0.0334,Podado
1032,-0.0334,Podado
1033,-0.0126,Podado
1034,-0.0811,Podado
1035,-0.0219,Podado
1036,-0.0179,Podado
1037,-0.0126,Podado
1038,-0.0860,Podado
1039,-0.0219,Podado
1040,-0.0126,Podado
1041,-0.0126,Podado
1042,-0.0126,Podado
1043,-0.0537,Podado
1044,-0.0400,Podado
1045,-0.2584,Podado
1046,-0.0219,Podado
1047,-0.2439,Podado
1048,-0.1144,Podado
1049,-0.0334,Podado
1050,-0.0179,Podado
1051,-0.0126,Podado
1052,-0.0379,Podado
1053,-0.0334,Podado
1054,-0.0126,Podado
1055,-0.0283,Podado
1056,-0.0126,Podado
1057,-0.0126,Podado
1058,-0.0815,Podado
1059,-0.0283,Podado
1060,-0.0126,Podado
1061,-0.0126,Podado
1062,-0.0126,Podado
1063,-0.0219,Podado
1064,-0.0126,Podado
1065,-0.0126,Podado
1066,-0.0310,Podado
1067,-0.0179,Podado
1068,-0.0126,Podado
1069,-0.0179,Podado
1070,-0.0126,Podado
1071,-0.0126,Podado
1072,-0.0419,Podado
1073,-0.0126,Podado
1074,-0.0179,Podado
1075,-0.0126,Podado
1076,-0.0126,Podado
1077,-0.0126,Podado
1078,-0.0283,Podado
1079,-0.0310,Podado
1080,-0.0126,Podado
1081,-0.0126,Podado
1082,-0.0400,Podado
1083,-0.0126,Podado
1084,-0.0126,Podado
1085,-0.0126,Podado
1086,-0.0219,Podado
1087,-0.0126,Podado
1088,-0.0400,Podado
1089,-0.0219,Podado
1090,-0.0126,Podado
1091,-0.0253,Podado
1092,-0.0400,Podado
1093,-0.0126,Podado
1094,-0.0126,Podado
1095,-0.0126,Podado
1096,-0.0126,Podado
1097,-0.0283,Podado
1098,-0.0473,Podado
1099,-0.0126,Podado
1100,-0.0253,Podado
1101,-0.0126,Podado
1102,-0.0126,Podado
1103,-0.0357,Podado
1104,-0.0126,Podado
1105,-0.0932,Podado
1106,-0.0126,Podado
1107,-0.0126,Podado
1108,-0.1193,Podado
1109,-0.0126,Podado
1110,-0.0126,Podado
1111,-0.0126,Podado
1112,-0.0126,Podado
1113,0.0190,Podado
1114,-0.0179,Podado
1115,-0.0126,Podado
1116,-0.0219,Podado
1117,-0.0126,Podado
1118,-0.1560,Podado
1119,-0.0253,Podado
1120,-0.0253,Podado
1121,-0.0126,Podado
1122,-0.0126,Podado
1123,-0.0179,Podado
1124,-0.0219,Podado
1125,-0.0506,Podado
1126,-0.0126,Podado
1127,-0.0179,Podado
1128,-0.0126,Podado
1129,-0.0126,Podado
1130,-0.0126,Podado
1131,-0.0456,Podado
1132,-0.0521,Podado
1133,-0.0126,Podado
1134,-0.0126,Podado
1135,-0.0126,Podado
1136,-0.0438,Podado
1137,-0.0126,Podado
1138,-0.0126,Podado
1139,-0.0179,Podado
1140,-0.0126,Podado
1141,-0.0126,Podado
1142,-0.0126,Podado
1143,-0.0126,Podado
1144,-0.0126,Podado
1145,-0.0126,Podado
1146,-0.0126,Podado
1147,-0.0126,Podado
1148,-0.0179,Podado
1149,-0.0850,Podado
1150,-0.0126,Podado
1151,-0.0915,Podado
1152,-0.0126,Podado
1153,-0.0219,Podado
1154,-0.0126,Podado
1155,-0.0126,Podado
1156,-0.0310,Podado
1157,-0.0991,Podado
1158,-0.0126,Podado
1159,-0.0179,Podado
1160,-0.0126,Podado
1161,-0.0473,Podado
1162,-0.0126,Podado
1163,-0.0506,Podado
1164,-0.0310,Podado
1165,-0.0310,Podado
1166,-0.0126,Podado
1167,-0.0219,Podado
1168,-0.0126,Podado
1169,-0.0219,Podado
1170,-0.0126,Podado
1171,-0.0456,Podado
1172,-0.0126,Podado
1173,-0.0888,Podado
1174,-0.1101,Podado
1175,-0.0705,Podado
1176,-0.0179,Podado
1177,-0.0283,Podado
1178,-0.0126,Podado
1179,-0.0126,Podado
1180,-0.0734,Podado
1181,-0.0126,Podado
1182,-0.0283,Podado
1183,-0.0283,Podado
1184,-0.0126,Podado
1185,-0.0126,Podado
1186,-0.0126,Podado
1187,-0.0126,Podado
1188,-0.0126,Podado
1189,-0.0179,Podado
1190,-0.0179,Podado
1191,-0.0219,Podado
1192,-0.0126,Podado
1193,-0.0179,Podado
1194,-0.0126,Podado
1195,-0.0126,Podado
1196,-0.0219,Podado
1197,-0.0219,Podado
1198,-0.0126,Podado
1199,-0.0551,Podado
1200,-0.0310,Podado
1201,-0.1484,Podado
1202,-0.0126,Podado
1203,-0.0463,Podado
1204,-0.0126,Podado
1205,-0.0179,Podado
1206,-0.0419,Podado
1207,-0.0126,Podado
1208,-0.0126,Podado
1209,-0.0219,Podado
1210,-0.0126,Podado
1211,-0.0126,Podado
1212,-0.0179,Podado
1213,-0.0126,Podado
1214,0.0126,Podado
1215,-0.0647,Podado
1216,-0.0460,Podado
1217,-0.4428,Selecionado
1218,-0.3567,Selecionado
1219,-0.0042,Podado
1220,-0.0343,Podado
1221,-0.0832,Podado
1222,-0.0525,Podado
1223,-0.1065,Podado
1224,0.0043,Podado
1225,-0.1047,Podado
1226,-0.0258,Podado
1227,-0.0126,Podado
1228,-0.0460,Podado
1229,-0.0706,Podado
1230,-0.0610,Podado
1231,-0.0295,Podado
1232,-0.0907,Podado
1233,0.0000,Podado (Constante)
1234,-0.1500,Podado
1235,-0.1238,Podado
1236,-0.2322,Podado
1237,0.0179,Podado
1238,-0.0219,Podado
1239,-0.0320,Podado
1240,0.5385,Selecionado
1241,0.0219,Podado
1242,0.0000,Podado (Constante)
1243,-0.0419,Podado
1244,-0.1488,Podado
1245,-0.0460,Podado
1246,-0.1264,Podado
1247,0.0170,Podado
1248,0.0000,Podado (Constante)
1249,-0.0089,Podado
1250,0.0253,Podado
1251,-0.0903,Podado
1252,-0.2513,Podado
1253,-0.2753,Podado
1254,-0.0206,Podado
1255,0.0126,Podado
1256,-0.0790,Podado
1257,-0.1101,Podado
1258,-0.0014,Podado
1259,-0.1012,Podado
1260,-0.2331,Podado
1261,-0.0419,Podado
1262,0.0219,Podado
1263,-0.0734,Podado
1264,-0.0343,Podado
1265,0.0190,Podado
1266,-0.0460,Podado
1267,-0.0526,Podado
1268,-0.0732,Podado
1269,-0.0453,Podado
1270,-0.0471,Podado
1271,-0.0359,Podado
1272,0.0000,Podado (Constante)
1273,-0.0627,Podado
1274,-0.0042,Podado
1275,-0.0379,Podado
1276,-0.2584,Podado
1277,-0.0463,Podado
1278,-0.2158,Podado
1279,-0.0192,Podado
1280,-0.0419,Podado
1281,0.0000,Podado
1282,0.0000,Podado (Constante)
1283,-0.0815,Podado
1284,-0.0618,Podado
1285,-0.0569,Podado
1286,-0.0432,Podado
1287,0.4171,Selecionado
1288,0.0000,Podado (Constante)
1289,-0.0340,Podado
